{
    "name": "root",
    "gauges": {
        "PiloteBehavior.Policy.Entropy.mean": {
            "value": 1.584822177886963,
            "min": 1.5743217468261719,
            "max": 2.1972155570983887,
            "count": 71
        },
        "PiloteBehavior.Policy.Entropy.sum": {
            "value": 1578.48291015625,
            "min": 1562.435302734375,
            "max": 2274.11767578125,
            "count": 71
        },
        "PiloteBehavior.Environment.EpisodeLength.mean": {
            "value": 9.375,
            "min": 8.443396226415095,
            "max": 92.18181818181819,
            "count": 71
        },
        "PiloteBehavior.Environment.EpisodeLength.sum": {
            "value": 900.0,
            "min": 893.0,
            "max": 1122.0,
            "count": 71
        },
        "PiloteBehavior.Step.mean": {
            "value": 70996.0,
            "min": 948.0,
            "max": 70996.0,
            "count": 71
        },
        "PiloteBehavior.Step.sum": {
            "value": 70996.0,
            "min": 948.0,
            "max": 70996.0,
            "count": 71
        },
        "PiloteBehavior.Policy.ExtrinsicValueEstimate.mean": {
            "value": -138.98622131347656,
            "min": -1237.4290771484375,
            "max": 0.048789896070957184,
            "count": 71
        },
        "PiloteBehavior.Policy.ExtrinsicValueEstimate.sum": {
            "value": -13342.677734375,
            "min": -42499.3125,
            "max": 1.1390962600708008,
            "count": 71
        },
        "PiloteBehavior.Environment.CumulativeReward.mean": {
            "value": -334.8845745722453,
            "min": -13348.662658691406,
            "max": -305.0928203654739,
            "count": 71
        },
        "PiloteBehavior.Environment.CumulativeReward.sum": {
            "value": -32148.919158935547,
            "min": -166538.64862060547,
            "max": -30232.018951416016,
            "count": 71
        },
        "PiloteBehavior.Policy.ExtrinsicReward.mean": {
            "value": -133.9538319905599,
            "min": -5339.4651433771305,
            "max": -122.03713060774894,
            "count": 71
        },
        "PiloteBehavior.Policy.ExtrinsicReward.sum": {
            "value": -12859.56787109375,
            "min": -66615.46255493164,
            "max": -12092.807716369629,
            "count": 71
        },
        "PiloteBehavior.IsTraining.mean": {
            "value": 1.0,
            "min": 1.0,
            "max": 1.0,
            "count": 71
        },
        "PiloteBehavior.IsTraining.sum": {
            "value": 1.0,
            "min": 1.0,
            "max": 1.0,
            "count": 71
        },
        "PiloteBehavior.Losses.PolicyLoss.mean": {
            "value": 0.04460220925199489,
            "min": 0.044120744565346585,
            "max": 0.05044036308148255,
            "count": 6
        },
        "PiloteBehavior.Losses.PolicyLoss.sum": {
            "value": 0.04460220925199489,
            "min": 0.044120744565346585,
            "max": 0.05044036308148255,
            "count": 6
        },
        "PiloteBehavior.Losses.ValueLoss.mean": {
            "value": 197319.45409240722,
            "min": 118348.12610677084,
            "max": 1495875.6817708334,
            "count": 6
        },
        "PiloteBehavior.Losses.ValueLoss.sum": {
            "value": 197319.45409240722,
            "min": 118348.12610677084,
            "max": 1495875.6817708334,
            "count": 6
        },
        "PiloteBehavior.Policy.LearningRate.mean": {
            "value": 0.00026308981230340004,
            "min": 0.00026308981230340004,
            "max": 0.000293853002049,
            "count": 6
        },
        "PiloteBehavior.Policy.LearningRate.sum": {
            "value": 0.00026308981230340004,
            "min": 0.00026308981230340004,
            "max": 0.000293853002049,
            "count": 6
        },
        "PiloteBehavior.Policy.Epsilon.mean": {
            "value": 0.18769660000000007,
            "min": 0.18769660000000007,
            "max": 0.19795100000000007,
            "count": 6
        },
        "PiloteBehavior.Policy.Epsilon.sum": {
            "value": 0.18769660000000007,
            "min": 0.18769660000000007,
            "max": 0.19795100000000007,
            "count": 6
        },
        "PiloteBehavior.Policy.Beta.mean": {
            "value": 0.00043971334,
            "min": 0.00043971334,
            "max": 0.0004899598999999999,
            "count": 6
        },
        "PiloteBehavior.Policy.Beta.sum": {
            "value": 0.00043971334,
            "min": 0.00043971334,
            "max": 0.0004899598999999999,
            "count": 6
        }
    },
    "metadata": {
        "timer_format_version": "0.1.0",
        "start_time_seconds": "1639078859",
        "python_version": "3.8.6 (tags/v3.8.6:db45529, Sep 23 2020, 15:52:53) [MSC v.1927 64 bit (AMD64)]",
        "command_line_arguments": "C:\\Users\\fayco\\source\\repos\\S9\\Unity3D\\MLUnity-env\\Scripts\\mlagents-learn config_pilote.yaml --run-id=pilote --force",
        "mlagents_version": "0.27.0",
        "mlagents_envs_version": "0.27.0",
        "communication_protocol_version": "1.5.0",
        "pytorch_version": "1.7.1+cu110",
        "numpy_version": "1.21.4",
        "end_time_seconds": "1639081065"
    },
    "total": 2206.3706737999996,
    "count": 1,
    "self": 0.014882499999202992,
    "children": {
        "run_training.setup": {
            "total": 0.19624530000000018,
            "count": 1,
            "self": 0.19624530000000018
        },
        "TrainerController.start_learning": {
            "total": 2206.1595460000003,
            "count": 1,
            "self": 1.790236600006665,
            "children": {
                "TrainerController._reset_env": {
                    "total": 14.6726189,
                    "count": 1,
                    "self": 14.6726189
                },
                "TrainerController.advance": {
                    "total": 2188.704062299993,
                    "count": 75455,
                    "self": 1.5449373000110427,
                    "children": {
                        "env_step": {
                            "total": 1736.0711311000043,
                            "count": 75455,
                            "self": 1530.8042809000362,
                            "children": {
                                "SubprocessEnvManager._take_step": {
                                    "total": 203.63973199997585,
                                    "count": 75455,
                                    "self": 5.396997999992237,
                                    "children": {
                                        "TorchPolicy.evaluate": {
                                            "total": 198.2427339999836,
                                            "count": 71881,
                                            "self": 26.266833799992042,
                                            "children": {
                                                "TorchPolicy.sample_actions": {
                                                    "total": 171.97590019999157,
                                                    "count": 71881,
                                                    "self": 171.97590019999157
                                                }
                                            }
                                        }
                                    }
                                },
                                "workers": {
                                    "total": 1.627118199992104,
                                    "count": 75454,
                                    "self": 0.0,
                                    "children": {
                                        "worker_root": {
                                            "total": 2192.314753000011,