{
    "name": "root",
    "gauges": {
        "PiloteBehavior.Policy.Entropy.mean": {
            "value": 1.6100587844848633,
            "min": 1.572909951210022,
            "max": 2.1972105503082275,
            "count": 330
        },
        "PiloteBehavior.Policy.Entropy.sum": {
            "value": 1630.989501953125,
            "min": 1524.258544921875,
            "max": 2304.87255859375,
            "count": 330
        },
        "PiloteBehavior.Step.mean": {
            "value": 329986.0,
            "min": 979.0,
            "max": 329986.0,
            "count": 330
        },
        "PiloteBehavior.Step.sum": {
            "value": 329986.0,
            "min": 979.0,
            "max": 329986.0,
            "count": 330
        },
        "PiloteBehavior.Policy.ExtrinsicValueEstimate.mean": {
            "value": 1137.3048095703125,
            "min": -24.145505905151367,
            "max": 1158.0870361328125,
            "count": 330
        },
        "PiloteBehavior.Policy.ExtrinsicValueEstimate.sum": {
            "value": 21608.791015625,
            "min": -434.6191101074219,
            "max": 22895.978515625,
            "count": 330
        },
        "PiloteBehavior.Environment.EpisodeLength.mean": {
            "value": 133.625,
            "min": 68.42857142857143,
            "max": 424.5,
            "count": 330
        },
        "PiloteBehavior.Environment.EpisodeLength.sum": {
            "value": 1069.0,
            "min": 687.0,
            "max": 1353.0,
            "count": 330
        },
        "PiloteBehavior.Environment.CumulativeReward.mean": {
            "value": 5384.592843191965,
            "min": -81.25,
            "max": 8916.213256835938,
            "count": 330
        },
        "PiloteBehavior.Environment.CumulativeReward.sum": {
            "value": 37692.14990234375,
            "min": -650.0,
            "max": 55487.93994140625,
            "count": 330
        },
        "PiloteBehavior.Policy.ExtrinsicReward.mean": {
            "value": 2153.837140764509,
            "min": -32.5,
            "max": 3566.4853312174478,
            "count": 330
        },
        "PiloteBehavior.Policy.ExtrinsicReward.sum": {
            "value": 15076.859985351562,
            "min": -260.0,
            "max": 22195.176147460938,
            "count": 330
        },
        "PiloteBehavior.IsTraining.mean": {
            "value": 1.0,
            "min": 1.0,
            "max": 1.0,
            "count": 330
        },
        "PiloteBehavior.IsTraining.sum": {
            "value": 1.0,
            "min": 1.0,
            "max": 1.0,
            "count": 330
        },
        "PiloteBehavior.Losses.PolicyLoss.mean": {
            "value": 0.05129172380547971,
            "min": 0.04362529666589884,
            "max": 0.05516071742943798,
            "count": 32
        },
        "PiloteBehavior.Losses.PolicyLoss.sum": {
            "value": 0.05129172380547971,
            "min": 0.04362529666589884,
            "max": 0.05516071742943798,
            "count": 32
        },
        "PiloteBehavior.Losses.ValueLoss.mean": {
            "value": 68255.73264973958,
            "min": 237.5927520751953,
            "max": 93016.37298177084,
            "count": 32
        },
        "PiloteBehavior.Losses.ValueLoss.sum": {
            "value": 68255.73264973958,
            "min": 237.5927520751953,
            "max": 93016.37298177084,
            "count": 32
        },
        "PiloteBehavior.Policy.LearningRate.mean": {
            "value": 0.00010284906571699995,
            "min": 0.00010284906571699995,
            "max": 0.000293853002049,
            "count": 32
        },
        "PiloteBehavior.Policy.LearningRate.sum": {
            "value": 0.00010284906571699995,
            "min": 0.00010284906571699995,
            "max": 0.000293853002049,
            "count": 32
        },
        "PiloteBehavior.Policy.Epsilon.mean": {
            "value": 0.13428299999999999,
            "min": 0.13428299999999999,
            "max": 0.19795100000000007,
            "count": 32
        },
        "PiloteBehavior.Policy.Epsilon.sum": {
            "value": 0.13428299999999999,
            "min": 0.13428299999999999,
            "max": 0.19795100000000007,
            "count": 32
        },
        "PiloteBehavior.Policy.Beta.mean": {
            "value": 0.00017798669999999998,
            "min": 0.00017798669999999998,
            "max": 0.0004899598999999999,
            "count": 32
        },
        "PiloteBehavior.Policy.Beta.sum": {
            "value": 0.00017798669999999998,
            "min": 0.00017798669999999998,
            "max": 0.0004899598999999999,
            "count": 32
        }
    },
    "metadata": {
        "timer_format_version": "0.1.0",
        "start_time_seconds": "1641728235",
        "python_version": "3.8.6 (tags/v3.8.6:db45529, Sep 23 2020, 15:52:53) [MSC v.1927 64 bit (AMD64)]",
        "command_line_arguments": "C:\\Users\\fayco\\source\\repos\\S9\\Unity3D\\MLUnity-env\\Scripts\\mlagents-learn config_pilote.yaml --run-id=Pilote_Cam_Az --force",
        "mlagents_version": "0.27.0",
        "mlagents_envs_version": "0.27.0",
        "communication_protocol_version": "1.5.0",
        "pytorch_version": "1.7.1+cu110",
        "numpy_version": "1.21.4",
        "end_time_seconds": "1641737266"
    },
    "total": 9030.341025900001,
    "count": 1,
    "self": 0.008902700001272024,
    "children": {
        "run_training.setup": {
            "total": 0.14202500000000007,
            "count": 1,
            "self": 0.14202500000000007
        },
        "TrainerController.start_learning": {
            "total": 9030.1900982,
            "count": 1,
            "self": 7.8553469999205845,
            "children": {
                "TrainerController._reset_env": {
                    "total": 12.1676062,
                    "count": 1,
                    "self": 12.1676062
                },
                "TrainerController.advance": {
                    "total": 9009.697276600078,
                    "count": 331894,
                    "self": 6.6697477002398955,
                    "children": {
                        "env_step": {
                            "total": 6920.704274900128,
                            "count": 331894,
                            "self": 5922.744732000284,
                            "children": {
                                "SubprocessEnvManager._take_step": {
                                    "total": 990.7683864000112,
                                    "count": 331894,
                                    "self": 24.687379299811482,
                                    "children": {
                                        "TorchPolicy.evaluate": {
                                            "total": 966.0810071001997,
                                            "count": 330111,
                                            "self": 123.25420990022405,
                                            "children": {
                                                "TorchPolicy.sample_actions": {
                                                    "total": 842.8267971999757,
                                                    "count": 330111,
                                                    "self": 842.8267971999757
                                                }
                                            }
                                        }
                                    }
                                },
                                "workers": {
                                    "total": 7.191156499833223,
                                    "count": 331893,
                                    "self": 0.0,
                                    "children": {
                                        "worker_root": {
                                            "total": 9007.550406000042,